trial,testing,parameters,initial_deadline,final_deadline,net_reward,actions,success
1,False,"{'a': 0.5, 'e': 1.0}",20,0,-35.50898877960063,"{0: 16, 1: 0, 2: 3, 3: 1, 4: 0}",0
2,False,"{'a': 0.5, 'e': 0.99}",35,0,-224.59841377840806,"{0: 21, 1: 2, 2: 8, 3: 0, 4: 4}",0
3,False,"{'a': 0.5, 'e': 0.9801}",20,0,-156.42742421486514,"{0: 12, 1: 1, 2: 4, 3: 0, 4: 3}",0
4,False,"{'a': 0.5, 'e': 0.970299}",20,6,-7.259397119732896,"{0: 11, 1: 1, 2: 2, 3: 0, 4: 0}",1
5,False,"{'a': 0.5, 'e': 0.96059601}",20,0,-125.82711917722166,"{0: 10, 1: 4, 2: 4, 3: 0, 4: 2}",0
6,False,"{'a': 0.5, 'e': 0.9509900498999999}",30,0,-198.21080811705372,"{0: 18, 1: 3, 2: 4, 3: 2, 4: 3}",0
7,False,"{'a': 0.5, 'e': 0.941480149401}",20,0,-44.5794507732036,"{0: 15, 1: 3, 2: 1, 3: 0, 4: 1}",0
8,False,"{'a': 0.5, 'e': 0.9320653479069899}",20,3,-52.34045589653467,"{0: 14, 1: 0, 2: 1, 3: 1, 4: 1}",1
9,False,"{'a': 0.5, 'e': 0.9227446944279201}",20,0,-82.77124644869828,"{0: 13, 1: 1, 2: 5, 3: 0, 4: 1}",0
10,False,"{'a': 0.5, 'e': 0.9135172474836408}",20,0,-152.6242540089068,"{0: 10, 1: 1, 2: 6, 3: 1, 4: 2}",0
11,False,"{'a': 0.5, 'e': 0.9043820750088044}",25,0,-164.99473241995216,"{0: 14, 1: 4, 2: 4, 3: 0, 4: 3}",0
12,False,"{'a': 0.5, 'e': 0.8953382542587164}",25,0,-92.20508915601498,"{0: 17, 1: 2, 2: 4, 3: 1, 4: 1}",0
13,False,"{'a': 0.5, 'e': 0.8863848717161292}",35,0,-145.2340810559107,"{0: 23, 1: 3, 2: 4, 3: 4, 4: 1}",0
14,False,"{'a': 0.5, 'e': 0.8775210229989678}",25,7,-145.17590866598857,"{0: 10, 1: 2, 2: 3, 3: 0, 4: 3}",1
15,False,"{'a': 0.5, 'e': 0.8687458127689782}",30,0,-183.3806495400506,"{0: 21, 1: 2, 2: 2, 3: 1, 4: 4}",0
16,False,"{'a': 0.5, 'e': 0.8600583546412884}",20,0,-115.25584179120781,"{0: 11, 1: 0, 2: 7, 3: 1, 4: 1}",0
17,False,"{'a': 0.5, 'e': 0.8514577710948755}",20,0,-135.03490015214945,"{0: 14, 1: 0, 2: 3, 3: 0, 4: 3}",0
18,False,"{'a': 0.5, 'e': 0.8429431933839268}",30,0,-190.48723909957408,"{0: 16, 1: 4, 2: 7, 3: 0, 4: 3}",0
19,False,"{'a': 0.5, 'e': 0.8345137614500875}",25,0,-44.88866858414731,"{0: 20, 1: 0, 2: 3, 3: 2, 4: 0}",0
20,False,"{'a': 0.5, 'e': 0.8261686238355866}",20,0,-124.65994763530803,"{0: 13, 1: 1, 2: 2, 3: 2, 4: 2}",0
21,False,"{'a': 0.5, 'e': 0.8179069375972308}",25,0,-105.04040275936254,"{0: 15, 1: 2, 2: 7, 3: 0, 4: 1}",0
22,False,"{'a': 0.5, 'e': 0.8097278682212584}",20,0,-84.00199409926536,"{0: 13, 1: 3, 2: 2, 3: 1, 4: 1}",0
23,False,"{'a': 0.5, 'e': 0.8016305895390459}",20,0,-125.04407924299733,"{0: 13, 1: 1, 2: 3, 3: 1, 4: 2}",0
24,False,"{'a': 0.5, 'e': 0.7936142836436554}",20,0,-20.673340816648277,"{0: 16, 1: 0, 2: 4, 3: 0, 4: 0}",0
25,False,"{'a': 0.5, 'e': 0.7856781408072188}",35,0,-315.17615892517335,"{0: 21, 1: 3, 2: 4, 3: 0, 4: 7}",0
26,False,"{'a': 0.5, 'e': 0.7778213593991467}",20,9,-115.00478515568088,"{0: 5, 1: 0, 2: 4, 3: 0, 4: 2}",1
27,False,"{'a': 0.5, 'e': 0.7700431458051551}",20,0,-20.420759215843233,"{0: 16, 1: 0, 2: 4, 3: 0, 4: 0}",0
28,False,"{'a': 0.5, 'e': 0.7623427143471035}",25,8,-0.18186007561267714,"{0: 14, 1: 2, 2: 1, 3: 0, 4: 0}",1
29,False,"{'a': 0.5, 'e': 0.7547192872036325}",30,0,-85.72601760595049,"{0: 23, 1: 1, 2: 3, 3: 2, 4: 1}",0
30,False,"{'a': 0.5, 'e': 0.7471720943315961}",30,0,-88.06441449639324,"{0: 21, 1: 1, 2: 7, 3: 0, 4: 1}",0
31,False,"{'a': 0.5, 'e': 0.7397003733882802}",20,0,-68.27546015710044,"{0: 12, 1: 3, 2: 3, 3: 2, 4: 0}",0
32,False,"{'a': 0.5, 'e': 0.7323033696543975}",20,0,-101.77561832157082,"{0: 13, 1: 2, 2: 3, 3: 0, 4: 2}",0
33,False,"{'a': 0.5, 'e': 0.7249803359578535}",30,13,-78.96313832475744,"{0: 10, 1: 2, 2: 3, 3: 1, 4: 1}",1
34,False,"{'a': 0.5, 'e': 0.7177305325982749}",30,2,-40.14224351960732,"{0: 23, 1: 0, 2: 4, 3: 0, 4: 1}",1
35,False,"{'a': 0.5, 'e': 0.7105532272722921}",25,0,-121.05017243002105,"{0: 17, 1: 1, 2: 4, 3: 1, 4: 2}",0
36,False,"{'a': 0.5, 'e': 0.7034476949995692}",25,7,-7.830081021283038,"{0: 16, 1: 0, 2: 1, 3: 1, 4: 0}",1
37,False,"{'a': 0.5, 'e': 0.6964132180495735}",25,14,-12.794091129851214,"{0: 8, 1: 1, 2: 2, 3: 0, 4: 0}",1
38,False,"{'a': 0.5, 'e': 0.6894490858690778}",20,0,-18.16011447011513,"{0: 16, 1: 2, 2: 1, 3: 1, 4: 0}",0
39,False,"{'a': 0.5, 'e': 0.682554595010387}",35,7,-59.75754313920946,"{0: 18, 1: 6, 2: 3, 3: 1, 4: 0}",1
40,False,"{'a': 0.5, 'e': 0.6757290490602831}",20,0,-107.75959505673897,"{0: 14, 1: 1, 2: 2, 3: 1, 4: 2}",0
41,False,"{'a': 0.5, 'e': 0.6689717585696803}",30,18,-16.07673703443044,"{0: 8, 1: 2, 2: 2, 3: 0, 4: 0}",1
42,False,"{'a': 0.5, 'e': 0.6622820409839835}",30,0,-108.72424882984176,"{0: 20, 1: 5, 2: 3, 3: 0, 4: 2}",0
43,False,"{'a': 0.5, 'e': 0.6556592205741436}",25,0,-65.14357956081717,"{0: 16, 1: 1, 2: 8, 3: 0, 4: 0}",0
44,False,"{'a': 0.5, 'e': 0.6491026283684022}",20,0,-57.4262414099676,"{0: 16, 1: 0, 2: 2, 3: 1, 4: 1}",0
45,False,"{'a': 0.5, 'e': 0.6426116020847181}",30,13,-14.805074034088678,"{0: 13, 1: 0, 2: 4, 3: 0, 4: 0}",1
46,False,"{'a': 0.5, 'e': 0.6361854860638709}",20,0,-87.65304355129336,"{0: 15, 1: 0, 2: 3, 3: 0, 4: 2}",0
47,False,"{'a': 0.5, 'e': 0.6298236312032323}",35,0,-119.04471073578674,"{0: 27, 1: 2, 2: 2, 3: 2, 4: 2}",0
48,False,"{'a': 0.5, 'e': 0.6235253948912}",30,16,-12.495346547056753,"{0: 11, 1: 0, 2: 3, 3: 0, 4: 0}",1
49,False,"{'a': 0.5, 'e': 0.617290140942288}",30,2,-30.158266023802668,"{0: 22, 1: 1, 2: 4, 3: 1, 4: 0}",1
50,False,"{'a': 0.5, 'e': 0.611117239532865}",20,0,-3.9152490531351116,"{0: 18, 1: 1, 2: 0, 3: 1, 4: 0}",0
51,False,"{'a': 0.5, 'e': 0.6050060671375364}",30,22,14.049948018071206,"{0: 8, 1: 0, 2: 0, 3: 0, 4: 0}",1
52,False,"{'a': 0.5, 'e': 0.598956006466161}",25,0,-105.27856712464786,"{0: 21, 1: 0, 2: 1, 3: 0, 4: 3}",0
53,False,"{'a': 0.5, 'e': 0.5929664464014994}",20,5,-90.19359316745657,"{0: 8, 1: 1, 2: 4, 3: 1, 4: 1}",1
54,False,"{'a': 0.5, 'e': 0.5870367819374844}",25,0,-85.71015104709653,"{0: 20, 1: 1, 2: 2, 3: 0, 4: 2}",0
55,False,"{'a': 0.5, 'e': 0.5811664141181095}",20,0,-59.06960000770186,"{0: 15, 1: 2, 2: 1, 3: 1, 4: 1}",0
56,False,"{'a': 0.5, 'e': 0.5753547499769285}",25,0,-8.582892148105683,"{0: 20, 1: 2, 2: 3, 3: 0, 4: 0}",0
57,False,"{'a': 0.5, 'e': 0.5696012024771592}",25,8,-30.796367301398302,"{0: 12, 1: 0, 2: 5, 3: 0, 4: 0}",1
58,False,"{'a': 0.5, 'e': 0.5639051904523875}",25,7,-26.68066555023631,"{0: 13, 1: 1, 2: 4, 3: 0, 4: 0}",1
59,False,"{'a': 0.5, 'e': 0.5582661385478637}",20,0,-53.51618856063932,"{0: 15, 1: 2, 2: 2, 3: 0, 4: 1}",0
60,False,"{'a': 0.5, 'e': 0.5526834771623851}",25,0,-4.743896590304695,"{0: 23, 1: 0, 2: 1, 3: 1, 4: 0}",0
61,False,"{'a': 0.5, 'e': 0.5471566423907612}",20,0,-25.034796467226062,"{0: 16, 1: 1, 2: 2, 3: 1, 4: 0}",0
62,False,"{'a': 0.5, 'e': 0.5416850759668536}",30,0,-19.55088297057208,"{0: 24, 1: 1, 2: 5, 3: 0, 4: 0}",0
63,False,"{'a': 0.5, 'e': 0.536268225207185}",20,0,-25.76675486336007,"{0: 18, 1: 0, 2: 1, 3: 0, 4: 1}",0
64,False,"{'a': 0.5, 'e': 0.5309055429551132}",20,0,-73.45345961011009,"{0: 14, 1: 2, 2: 2, 3: 1, 4: 1}",0
65,False,"{'a': 0.5, 'e': 0.525596487525562}",20,0,-57.06054642138342,"{0: 13, 1: 5, 2: 1, 3: 0, 4: 1}",0
66,False,"{'a': 0.5, 'e': 0.5203405226503064}",25,0,-122.132148850976,"{0: 17, 1: 1, 2: 4, 3: 1, 4: 2}",0
67,False,"{'a': 0.5, 'e': 0.5151371174238033}",25,0,-33.226391175002746,"{0: 19, 1: 1, 2: 5, 3: 0, 4: 0}",0
68,False,"{'a': 0.5, 'e': 0.5099857462495653}",30,17,0.5528736537003118,"{0: 12, 1: 0, 2: 0, 3: 1, 4: 0}",1
69,False,"{'a': 0.5, 'e': 0.5048858887870696}",25,13,-54.25960868591861,"{0: 8, 1: 0, 2: 3, 3: 0, 4: 1}",1
70,False,"{'a': 0.5, 'e': 0.4998370298991989}",25,0,2.093501356506848,"{0: 23, 1: 0, 2: 1, 3: 1, 4: 0}",0
71,False,"{'a': 0.5, 'e': 0.49483865960020695}",25,9,-38.44166373643101,"{0: 12, 1: 2, 2: 1, 3: 0, 4: 1}",1
72,False,"{'a': 0.5, 'e': 0.4898902730042049}",30,16,11.570441938221855,"{0: 12, 1: 2, 2: 0, 3: 0, 4: 0}",1
73,False,"{'a': 0.5, 'e': 0.48499137027416284}",25,19,11.308483719443338,"{0: 6, 1: 0, 2: 0, 3: 0, 4: 0}",1
74,False,"{'a': 0.5, 'e': 0.4801414565714212}",20,0,-28.958898490291872,"{0: 17, 1: 1, 2: 1, 3: 0, 4: 1}",0
75,False,"{'a': 0.5, 'e': 0.47534004200570695}",30,0,-35.34333735115586,"{0: 24, 1: 3, 2: 2, 3: 0, 4: 1}",0
76,False,"{'a': 0.5, 'e': 0.4705866415856499}",25,0,-20.69925195699815,"{0: 19, 1: 2, 2: 4, 3: 0, 4: 0}",0
77,False,"{'a': 0.5, 'e': 0.46588077516979337}",20,0,18.902817278477734,"{0: 19, 1: 0, 2: 1, 3: 0, 4: 0}",0
78,False,"{'a': 0.5, 'e': 0.46122196741809546}",20,6,-9.490340938768743,"{0: 11, 1: 0, 2: 3, 3: 0, 4: 0}",1
79,False,"{'a': 0.5, 'e': 0.4566097477439145}",30,7,-81.42592333800326,"{0: 19, 1: 0, 2: 1, 3: 1, 4: 2}",1
80,False,"{'a': 0.5, 'e': 0.45204365026647536}",30,16,7.134871208942079,"{0: 12, 1: 1, 2: 1, 3: 0, 4: 0}",1
81,False,"{'a': 0.5, 'e': 0.4475232137638106}",20,10,-10.906305418608987,"{0: 8, 1: 1, 2: 0, 3: 1, 4: 0}",1
82,False,"{'a': 0.5, 'e': 0.4430479816261725}",20,0,-97.46881128383133,"{0: 14, 1: 1, 2: 3, 3: 0, 4: 2}",0
83,False,"{'a': 0.5, 'e': 0.43861750180991077}",25,2,-70.81381247826185,"{0: 17, 1: 1, 2: 3, 3: 1, 4: 1}",1
84,False,"{'a': 0.5, 'e': 0.43423132679181164}",20,11,-9.657654933337419,"{0: 7, 1: 1, 2: 0, 3: 1, 4: 0}",1
85,False,"{'a': 0.5, 'e': 0.4298890135238935}",25,0,-39.51234225189287,"{0: 21, 1: 0, 2: 3, 3: 0, 4: 1}",0
86,False,"{'a': 0.5, 'e': 0.4255901233886546}",25,0,-50.773965323555906,"{0: 19, 1: 2, 2: 3, 3: 0, 4: 1}",0
87,False,"{'a': 0.5, 'e': 0.421334222154768}",20,0,-6.874615249604929,"{0: 17, 1: 0, 2: 3, 3: 0, 4: 0}",0
88,False,"{'a': 0.5, 'e': 0.41712087993322033}",20,4,-2.9110105823236045,"{0: 15, 1: 0, 2: 0, 3: 1, 4: 0}",1
89,False,"{'a': 0.5, 'e': 0.41294967113388814}",30,5,-23.811928966406388,"{0: 22, 1: 1, 2: 1, 3: 0, 4: 1}",1
90,False,"{'a': 0.5, 'e': 0.40882017442254925}",25,0,-1.0217754627348725,"{0: 22, 1: 0, 2: 3, 3: 0, 4: 0}",0
91,False,"{'a': 0.5, 'e': 0.4047319726783238}",25,0,-100.8336323957451,"{0: 19, 1: 0, 2: 1, 3: 4, 4: 1}",0
92,False,"{'a': 0.5, 'e': 0.40068465295154054}",20,5,2.491548860014853,"{0: 14, 1: 0, 2: 0, 3: 1, 4: 0}",1
93,False,"{'a': 0.5, 'e': 0.3966778064220251}",25,0,-114.9756653866517,"{0: 19, 1: 0, 2: 2, 3: 2, 4: 2}",0
94,False,"{'a': 0.5, 'e': 0.39271102835780486}",20,15,9.778159299983434,"{0: 5, 1: 0, 2: 0, 3: 0, 4: 0}",1
95,False,"{'a': 0.5, 'e': 0.3887839180742268}",20,16,7.199521545540398,"{0: 4, 1: 0, 2: 0, 3: 0, 4: 0}",1
96,False,"{'a': 0.5, 'e': 0.38489607889348454}",20,13,1.1004192011696472,"{0: 6, 1: 0, 2: 1, 3: 0, 4: 0}",1
97,False,"{'a': 0.5, 'e': 0.38104711810454966}",30,17,-2.0467005234741116,"{0: 11, 1: 0, 2: 2, 3: 0, 4: 0}",1
98,False,"{'a': 0.5, 'e': 0.37723664692350417}",20,8,-32.67770967628553,"{0: 10, 1: 0, 2: 1, 3: 0, 4: 1}",1
99,False,"{'a': 0.5, 'e': 0.37346428045426916}",20,8,12.070112355125831,"{0: 11, 1: 1, 2: 0, 3: 0, 4: 0}",1
100,False,"{'a': 0.5, 'e': 0.36972963764972644}",20,15,8.177689460811017,"{0: 5, 1: 0, 2: 0, 3: 0, 4: 0}",1
101,False,"{'a': 0.5, 'e': 0.3660323412732292}",25,0,-41.59988895741455,"{0: 21, 1: 0, 2: 3, 3: 0, 4: 1}",0
102,False,"{'a': 0.5, 'e': 0.3623720178604969}",25,0,3.00600895398679,"{0: 22, 1: 0, 2: 3, 3: 0, 4: 0}",0
103,False,"{'a': 0.5, 'e': 0.3587482976818919}",25,0,-25.708042462463496,"{0: 19, 1: 1, 2: 5, 3: 0, 4: 0}",0
104,False,"{'a': 0.5, 'e': 0.355160814705073}",20,8,-3.9442785394043653,"{0: 11, 1: 0, 2: 0, 3: 1, 4: 0}",1
105,False,"{'a': 0.5, 'e': 0.35160920655802225}",25,1,-45.43446437478926,"{0: 19, 1: 1, 2: 3, 3: 0, 4: 1}",1
106,False,"{'a': 0.5, 'e': 0.348093114492442}",30,0,14.208169363726295,"{0: 28, 1: 0, 2: 2, 3: 0, 4: 0}",0
107,False,"{'a': 0.5, 'e': 0.3446121833475176}",25,17,13.831097408378694,"{0: 8, 1: 0, 2: 0, 3: 0, 4: 0}",1
108,False,"{'a': 0.5, 'e': 0.34116606151404244}",20,0,-46.22568617558911,"{0: 17, 1: 0, 2: 1, 3: 1, 4: 1}",0
109,False,"{'a': 0.5, 'e': 0.337754400898902}",25,3,23.941484216767865,"{0: 21, 1: 0, 2: 1, 3: 0, 4: 0}",1
110,False,"{'a': 0.5, 'e': 0.334376856889913}",20,6,26.303439415592603,"{0: 14, 1: 0, 2: 0, 3: 0, 4: 0}",1
111,False,"{'a': 0.5, 'e': 0.33103308832101386}",30,2,-27.54112577838439,"{0: 22, 1: 0, 2: 6, 3: 0, 4: 0}",1
112,False,"{'a': 0.5, 'e': 0.3277227574378037}",20,3,4.238003347917709,"{0: 15, 1: 1, 2: 1, 3: 0, 4: 0}",1
113,False,"{'a': 0.5, 'e': 0.3244455298634257}",20,5,-18.674073792221932,"{0: 14, 1: 0, 2: 0, 3: 0, 4: 1}",1
114,False,"{'a': 0.5, 'e': 0.3212010745647914}",30,19,7.299737719226366,"{0: 10, 1: 0, 2: 1, 3: 0, 4: 0}",1
115,False,"{'a': 0.5, 'e': 0.3179890638191435}",20,0,-0.8790275049777689,"{0: 18, 1: 0, 2: 2, 3: 0, 4: 0}",0
116,False,"{'a': 0.5, 'e': 0.31480917318095203}",20,13,1.3784999681889738,"{0: 6, 1: 0, 2: 1, 3: 0, 4: 0}",1
117,False,"{'a': 0.5, 'e': 0.3116610814491425}",30,4,-27.579595893364584,"{0: 21, 1: 1, 2: 2, 3: 2, 4: 0}",1
118,False,"{'a': 0.5, 'e': 0.30854447063465107}",20,0,-3.9128224078701432,"{0: 18, 1: 0, 2: 1, 3: 1, 4: 0}",0
119,False,"{'a': 0.5, 'e': 0.3054590259283046}",30,0,13.573064530573406,"{0: 27, 1: 1, 2: 2, 3: 0, 4: 0}",0
120,False,"{'a': 0.5, 'e': 0.30240443566902153}",20,13,13.602142257226145,"{0: 7, 1: 0, 2: 0, 3: 0, 4: 0}",1
121,False,"{'a': 0.5, 'e': 0.2993803913123313}",20,4,23.13630089416731,"{0: 16, 1: 0, 2: 0, 3: 0, 4: 0}",1
122,False,"{'a': 0.5, 'e': 0.296386587399208}",20,8,16.865595455519166,"{0: 12, 1: 0, 2: 0, 3: 0, 4: 0}",1
123,False,"{'a': 0.5, 'e': 0.2934227215252159}",20,0,8.661613865706489,"{0: 18, 1: 1, 2: 1, 3: 0, 4: 0}",0
124,False,"{'a': 0.5, 'e': 0.29048849430996376}",20,2,-32.70557242023212,"{0: 15, 1: 1, 2: 1, 3: 0, 4: 1}",1
125,False,"{'a': 0.5, 'e': 0.2875836093668641}",25,13,3.5120419218843058,"{0: 10, 1: 1, 2: 1, 3: 0, 4: 0}",1
126,False,"{'a': 0.5, 'e': 0.28470777327319546}",20,0,-22.251673258188845,"{0: 18, 1: 0, 2: 1, 3: 0, 4: 1}",0
127,False,"{'a': 0.5, 'e': 0.2818606955404635}",25,7,3.4629235704666392,"{0: 15, 1: 1, 2: 2, 3: 0, 4: 0}",1
128,False,"{'a': 0.5, 'e': 0.27904208858505886}",30,6,13.542656073680158,"{0: 22, 1: 0, 2: 2, 3: 0, 4: 0}",1
129,False,"{'a': 0.5, 'e': 0.2762516676992083}",20,0,-25.309830676797773,"{0: 18, 1: 1, 2: 0, 3: 0, 4: 1}",1
130,False,"{'a': 0.5, 'e': 0.2734891510222162}",20,12,11.66707389443788,"{0: 8, 1: 0, 2: 0, 3: 0, 4: 0}",1
131,False,"{'a': 0.5, 'e': 0.27075425951199406}",20,2,20.247402014463376,"{0: 17, 1: 0, 2: 1, 3: 0, 4: 0}",1
132,False,"{'a': 0.5, 'e': 0.2680467169168741}",30,7,-15.641841595498795,"{0: 19, 1: 0, 2: 3, 3: 1, 4: 0}",1
133,False,"{'a': 0.5, 'e': 0.26536624974770534}",20,10,5.927739555357673,"{0: 9, 1: 0, 2: 1, 3: 0, 4: 0}",1
134,False,"{'a': 0.5, 'e': 0.2627125872502283}",20,5,8.162504487710486,"{0: 13, 1: 1, 2: 1, 3: 0, 4: 0}",1
135,False,"{'a': 0.5, 'e': 0.26008546137772603}",25,16,15.880974257764723,"{0: 9, 1: 0, 2: 0, 3: 0, 4: 0}",1
136,False,"{'a': 0.5, 'e': 0.25748460676394874}",35,24,14.387295916886218,"{0: 10, 1: 1, 2: 0, 3: 0, 4: 0}",1
137,False,"{'a': 0.5, 'e': 0.2549097606963093}",30,17,25.90218290332344,"{0: 13, 1: 0, 2: 0, 3: 0, 4: 0}",1
138,False,"{'a': 0.5, 'e': 0.2523606630893462}",20,2,-41.81868782767917,"{0: 14, 1: 1, 2: 2, 3: 0, 4: 1}",1
139,False,"{'a': 0.5, 'e': 0.2498370564584527}",20,14,9.97059520803032,"{0: 6, 1: 0, 2: 0, 3: 0, 4: 0}",1
140,False,"{'a': 0.5, 'e': 0.24733868589386818}",20,10,2.4675038748727935,"{0: 9, 1: 0, 2: 1, 3: 0, 4: 0}",1
141,False,"{'a': 0.5, 'e': 0.24486529903492948}",20,12,8.485823246147953,"{0: 7, 1: 1, 2: 0, 3: 0, 4: 0}",1
142,False,"{'a': 0.5, 'e': 0.2424166460445802}",25,14,20.49982566086915,"{0: 11, 1: 0, 2: 0, 3: 0, 4: 0}",1
143,False,"{'a': 0.5, 'e': 0.2399924795841344}",20,6,12.037902485090893,"{0: 13, 1: 0, 2: 1, 3: 0, 4: 0}",1
144,False,"{'a': 0.5, 'e': 0.23759255478829303}",30,9,8.070038406144999,"{0: 17, 1: 4, 2: 0, 3: 0, 4: 0}",1
145,False,"{'a': 0.5, 'e': 0.23521662924041012}",25,16,-7.628718356380645,"{0: 8, 1: 0, 2: 0, 3: 1, 4: 0}",1
146,False,"{'a': 0.5, 'e': 0.232864462948006}",25,11,1.7352907847714547,"{0: 12, 1: 0, 2: 2, 3: 0, 4: 0}",1
147,False,"{'a': 0.5, 'e': 0.23053581831852593}",30,15,-3.0251501735177584,"{0: 12, 1: 0, 2: 3, 3: 0, 4: 0}",1
148,False,"{'a': 0.5, 'e': 0.22823046013534068}",25,0,19.952577620792773,"{0: 23, 1: 0, 2: 2, 3: 0, 4: 0}",1
149,False,"{'a': 0.5, 'e': 0.22594815553398728}",20,0,17.36132392238911,"{0: 19, 1: 0, 2: 1, 3: 0, 4: 0}",0
150,False,"{'a': 0.5, 'e': 0.2236886739786474}",20,16,8.192549334366559,"{0: 4, 1: 0, 2: 0, 3: 0, 4: 0}",1
151,False,"{'a': 0.5, 'e': 0.22145178723886091}",25,7,-20.782969007255403,"{0: 15, 1: 2, 2: 0, 3: 0, 4: 1}",1
152,False,"{'a': 0.5, 'e': 0.2192372693664723}",30,18,23.8295623327995,"{0: 12, 1: 0, 2: 0, 3: 0, 4: 0}",1
153,False,"{'a': 0.5, 'e': 0.21704489667280757}",25,12,23.574074668993,"{0: 13, 1: 0, 2: 0, 3: 0, 4: 0}",1
154,False,"{'a': 0.5, 'e': 0.2148744477060795}",20,2,-17.651469689953476,"{0: 16, 1: 1, 2: 0, 3: 0, 4: 1}",1
155,False,"{'a': 0.5, 'e': 0.2127257032290187}",20,10,7.872173682975045,"{0: 9, 1: 0, 2: 1, 3: 0, 4: 0}",1
156,False,"{'a': 0.5, 'e': 0.21059844619672852}",25,15,17.760593725810423,"{0: 10, 1: 0, 2: 0, 3: 0, 4: 0}",1
157,False,"{'a': 0.5, 'e': 0.20849246173476124}",20,10,2.703243699220176,"{0: 9, 1: 0, 2: 1, 3: 0, 4: 0}",1
158,False,"{'a': 0.5, 'e': 0.2064075371174136}",25,16,17.289766923894135,"{0: 9, 1: 0, 2: 0, 3: 0, 4: 0}",1
159,False,"{'a': 0.5, 'e': 0.20434346174623946}",20,7,-25.6351161903742,"{0: 11, 1: 1, 2: 0, 3: 0, 4: 1}",1
160,False,"{'a': 0.5, 'e': 0.2023000271287771}",20,13,12.922286459760919,"{0: 7, 1: 0, 2: 0, 3: 0, 4: 0}",1
161,False,"{'a': 0.5, 'e': 0.20027702685748933}",20,0,31.831092188920046,"{0: 20, 1: 0, 2: 0, 3: 0, 4: 0}",0
162,False,"{'a': 0.5, 'e': 0.19827425658891443}",20,4,-5.951926114558175,"{0: 14, 1: 0, 2: 1, 3: 1, 4: 0}",1
163,False,"{'a': 0.5, 'e': 0.19629151402302528}",20,12,15.576292932819097,"{0: 8, 1: 0, 2: 0, 3: 0, 4: 0}",1
164,False,"{'a': 0.5, 'e': 0.19432859888279502}",30,18,17.046491342753274,"{0: 11, 1: 1, 2: 0, 3: 0, 4: 0}",1
165,False,"{'a': 0.5, 'e': 0.19238531289396707}",25,7,31.102012845069066,"{0: 18, 1: 0, 2: 0, 3: 0, 4: 0}",1
166,False,"{'a': 0.5, 'e': 0.1904614597650274}",20,14,-13.089429029934424,"{0: 4, 1: 0, 2: 2, 3: 0, 4: 0}",1
167,False,"{'a': 0.5, 'e': 0.1885568451673771}",20,6,0.386576198699081,"{0: 12, 1: 0, 2: 2, 3: 0, 4: 0}",1
168,False,"{'a': 0.5, 'e': 0.18667127671570335}",25,17,15.706602821010149,"{0: 8, 1: 0, 2: 0, 3: 0, 4: 0}",1
169,False,"{'a': 0.5, 'e': 0.1848045639485463}",30,14,2.6436311223961884,"{0: 13, 1: 2, 2: 1, 3: 0, 4: 0}",1
170,False,"{'a': 0.5, 'e': 0.18295651830906084}",20,0,29.264225755200048,"{0: 20, 1: 0, 2: 0, 3: 0, 4: 0}",0
171,False,"{'a': 0.5, 'e': 0.18112695312597024}",20,16,6.655197478444899,"{0: 4, 1: 0, 2: 0, 3: 0, 4: 0}",1
172,False,"{'a': 0.5, 'e': 0.17931568359471053}",20,14,8.421260159931762,"{0: 6, 1: 0, 2: 0, 3: 0, 4: 0}",1
173,False,"{'a': 0.5, 'e': 0.17752252675876343}",25,20,10.293505573493176,"{0: 5, 1: 0, 2: 0, 3: 0, 4: 0}",1
174,False,"{'a': 0.5, 'e': 0.1757473014911758}",20,8,7.160146202557858,"{0: 11, 1: 0, 2: 1, 3: 0, 4: 0}",1
175,False,"{'a': 0.5, 'e': 0.17398982847626404}",20,0,16.420438802693013,"{0: 19, 1: 0, 2: 1, 3: 0, 4: 0}",0
176,False,"{'a': 0.5, 'e': 0.1722499301915014}",30,8,34.86166258219438,"{0: 22, 1: 0, 2: 0, 3: 0, 4: 0}",1
177,False,"{'a': 0.5, 'e': 0.17052743088958636}",20,6,17.042315879402466,"{0: 13, 1: 1, 2: 0, 3: 0, 4: 0}",1
178,False,"{'a': 0.5, 'e': 0.1688221565806905}",25,11,-58.23270482260919,"{0: 9, 1: 1, 2: 3, 3: 0, 4: 1}",1
179,False,"{'a': 0.5, 'e': 0.1671339350148836}",25,3,15.311794512961246,"{0: 20, 1: 0, 2: 2, 3: 0, 4: 0}",1
180,False,"{'a': 0.5, 'e': 0.16546259566473476}",20,8,12.469883296610918,"{0: 11, 1: 1, 2: 0, 3: 0, 4: 0}",1
181,False,"{'a': 0.5, 'e': 0.16380796970808742}",25,13,18.966924303424978,"{0: 12, 1: 0, 2: 0, 3: 0, 4: 0}",1
182,False,"{'a': 0.5, 'e': 0.16216989001100654}",20,7,22.819572356358798,"{0: 13, 1: 0, 2: 0, 3: 0, 4: 0}",1
183,False,"{'a': 0.5, 'e': 0.16054819111089647}",20,5,-0.8112701928131276,"{0: 13, 1: 1, 2: 0, 3: 1, 4: 0}",1
184,False,"{'a': 0.5, 'e': 0.1589427091997875}",20,1,12.683814236203602,"{0: 17, 1: 1, 2: 1, 3: 0, 4: 0}",1
185,False,"{'a': 0.5, 'e': 0.15735328210778962}",25,13,20.864087258655882,"{0: 12, 1: 0, 2: 0, 3: 0, 4: 0}",1
186,False,"{'a': 0.5, 'e': 0.15577974928671173}",20,11,12.660207215448581,"{0: 9, 1: 0, 2: 0, 3: 0, 4: 0}",1
187,False,"{'a': 0.5, 'e': 0.15422195179384462}",35,24,20.811553766681634,"{0: 11, 1: 0, 2: 0, 3: 0, 4: 0}",1
188,False,"{'a': 0.5, 'e': 0.15267973227590617}",20,8,13.450404379903338,"{0: 11, 1: 1, 2: 0, 3: 0, 4: 0}",1
189,False,"{'a': 0.5, 'e': 0.1511529349531471}",30,15,28.527309652028215,"{0: 15, 1: 0, 2: 0, 3: 0, 4: 0}",1
190,False,"{'a': 0.5, 'e': 0.14964140560361563}",20,12,-7.5362212377004205,"{0: 6, 1: 0, 2: 2, 3: 0, 4: 0}",1
191,False,"{'a': 0.5, 'e': 0.14814499154757946}",25,13,9.252911811701226,"{0: 11, 1: 0, 2: 1, 3: 0, 4: 0}",1
192,False,"{'a': 0.5, 'e': 0.14666354163210368}",20,14,5.640514219701985,"{0: 5, 1: 1, 2: 0, 3: 0, 4: 0}",1
193,False,"{'a': 0.5, 'e': 0.14519690621578263}",25,7,34.35410089722503,"{0: 18, 1: 0, 2: 0, 3: 0, 4: 0}",1
194,False,"{'a': 0.5, 'e': 0.1437449371536248}",25,8,20.60040791907646,"{0: 16, 1: 0, 2: 1, 3: 0, 4: 0}",1
195,False,"{'a': 0.5, 'e': 0.14230748778208857}",25,5,31.781267456473543,"{0: 20, 1: 0, 2: 0, 3: 0, 4: 0}",1
196,False,"{'a': 0.5, 'e': 0.14088441290426768}",35,26,8.577712406455952,"{0: 8, 1: 1, 2: 0, 3: 0, 4: 0}",1
197,False,"{'a': 0.5, 'e': 0.139475568775225}",30,22,3.8780437325519665,"{0: 7, 1: 0, 2: 1, 3: 0, 4: 0}",1
198,False,"{'a': 0.5, 'e': 0.13808081308747275}",30,16,5.433169902205877,"{0: 13, 1: 0, 2: 0, 3: 1, 4: 0}",1
199,False,"{'a': 0.5, 'e': 0.136700004956598}",30,0,-12.392396084163757,"{0: 27, 1: 1, 2: 1, 3: 0, 4: 1}",0
200,False,"{'a': 0.5, 'e': 0.13533300490703204}",20,10,7.032742758530195,"{0: 9, 1: 0, 2: 1, 3: 0, 4: 0}",1
201,False,"{'a': 0.5, 'e': 0.13397967485796172}",20,16,8.121008925178916,"{0: 4, 1: 0, 2: 0, 3: 0, 4: 0}",1
202,False,"{'a': 0.5, 'e': 0.1326398781093821}",30,10,23.04851464906501,"{0: 19, 1: 0, 2: 1, 3: 0, 4: 0}",1
203,False,"{'a': 0.5, 'e': 0.13131347932828827}",30,8,-54.98735627042624,"{0: 18, 1: 0, 2: 2, 3: 1, 4: 1}",1
204,False,"{'a': 0.5, 'e': 0.1300003445350054}",20,13,13.800516794580155,"{0: 7, 1: 0, 2: 0, 3: 0, 4: 0}",1
205,False,"{'a': 0.5, 'e': 0.12870034108965533}",25,13,19.751939707142473,"{0: 12, 1: 0, 2: 0, 3: 0, 4: 0}",1
206,False,"{'a': 0.5, 'e': 0.1274133376787588}",25,16,-7.04131892287133,"{0: 8, 1: 0, 2: 0, 3: 1, 4: 0}",1
207,False,"{'a': 0.5, 'e': 0.12613920430197118}",20,10,18.48806419028819,"{0: 10, 1: 0, 2: 0, 3: 0, 4: 0}",1
208,False,"{'a': 0.5, 'e': 0.12487781225895148}",20,12,-4.866744372336303,"{0: 6, 1: 1, 2: 1, 3: 0, 4: 0}",1
209,False,"{'a': 0.5, 'e': 0.12362903413636196}",30,14,31.938005750663216,"{0: 16, 1: 0, 2: 0, 3: 0, 4: 0}",1
210,False,"{'a': 0.5, 'e': 0.12239274379499834}",25,9,-5.484539502159218,"{0: 14, 1: 0, 2: 1, 3: 1, 4: 0}",1
211,False,"{'a': 0.5, 'e': 0.12116881635704835}",20,12,12.867324923232896,"{0: 8, 1: 0, 2: 0, 3: 0, 4: 0}",1
212,False,"{'a': 0.5, 'e': 0.11995712819347787}",20,12,15.995831598909383,"{0: 8, 1: 0, 2: 0, 3: 0, 4: 0}",1
213,False,"{'a': 0.5, 'e': 0.11875755691154309}",20,16,5.575601383897871,"{0: 4, 1: 0, 2: 0, 3: 0, 4: 0}",1
214,False,"{'a': 0.5, 'e': 0.11756998134242766}",20,16,7.782333904764402,"{0: 4, 1: 0, 2: 0, 3: 0, 4: 0}",1
215,False,"{'a': 0.5, 'e': 0.11639428152900338}",25,11,11.676785094885789,"{0: 12, 1: 2, 2: 0, 3: 0, 4: 0}",1
216,False,"{'a': 0.5, 'e': 0.11523033871371334}",25,18,14.029934423545717,"{0: 7, 1: 0, 2: 0, 3: 0, 4: 0}",1
217,False,"{'a': 0.5, 'e': 0.11407803532657622}",25,18,15.477672239992296,"{0: 7, 1: 0, 2: 0, 3: 0, 4: 0}",1
218,False,"{'a': 0.5, 'e': 0.11293725497331045}",25,15,20.33805495240331,"{0: 10, 1: 0, 2: 0, 3: 0, 4: 0}",1
219,False,"{'a': 0.5, 'e': 0.11180788242357734}",30,17,14.187697658854724,"{0: 12, 1: 0, 2: 1, 3: 0, 4: 0}",1
220,False,"{'a': 0.5, 'e': 0.11068980359934157}",25,5,-12.741869704202177,"{0: 18, 1: 1, 2: 0, 3: 0, 4: 1}",1
221,False,"{'a': 0.5, 'e': 0.10958290556334815}",20,8,27.41212600008212,"{0: 12, 1: 0, 2: 0, 3: 0, 4: 0}",1
222,False,"{'a': 0.5, 'e': 0.10848707650771466}",25,15,20.32695189896629,"{0: 10, 1: 0, 2: 0, 3: 0, 4: 0}",1
223,False,"{'a': 0.5, 'e': 0.10740220574263752}",25,10,29.577160204503954,"{0: 15, 1: 0, 2: 0, 3: 0, 4: 0}",1
224,False,"{'a': 0.5, 'e': 0.10632818368521114}",25,11,24.068868636968965,"{0: 14, 1: 0, 2: 0, 3: 0, 4: 0}",1
225,False,"{'a': 0.5, 'e': 0.10526490184835903}",35,23,21.703233451697784,"{0: 12, 1: 0, 2: 0, 3: 0, 4: 0}",1
226,False,"{'a': 0.5, 'e': 0.10421225282987544}",25,13,-21.232261934214296,"{0: 11, 1: 0, 2: 0, 3: 0, 4: 1}",1
227,False,"{'a': 0.5, 'e': 0.10317013030157668}",30,11,21.60312243186169,"{0: 18, 1: 0, 2: 1, 3: 0, 4: 0}",1
228,False,"{'a': 0.5, 'e': 0.10213842899856092}",20,9,8.415587604850378,"{0: 10, 1: 0, 2: 1, 3: 0, 4: 0}",1
229,False,"{'a': 0.5, 'e': 0.10111704470857531}",25,12,21.57565074652397,"{0: 13, 1: 0, 2: 0, 3: 0, 4: 0}",1
230,False,"{'a': 0.5, 'e': 0.10010587426148955}",30,19,16.57711658620663,"{0: 11, 1: 0, 2: 0, 3: 0, 4: 0}",1
231,False,"{'a': 0.5, 'e': 0.09910481551887466}",20,5,25.317671376054925,"{0: 15, 1: 0, 2: 0, 3: 0, 4: 0}",1
232,False,"{'a': 0.5, 'e': 0.0981137673636859}",25,19,11.826349904471403,"{0: 6, 1: 0, 2: 0, 3: 0, 4: 0}",1
233,False,"{'a': 0.5, 'e': 0.09713262969004906}",20,16,8.887518538777876,"{0: 4, 1: 0, 2: 0, 3: 0, 4: 0}",1
234,False,"{'a': 0.5, 'e': 0.09616130339314856}",35,18,30.195949602331375,"{0: 17, 1: 0, 2: 0, 3: 0, 4: 0}",1
235,False,"{'a': 0.5, 'e': 0.09519969035921708}",20,0,-13.675928496148357,"{0: 16, 1: 2, 2: 1, 3: 1, 4: 0}",0
236,False,"{'a': 0.5, 'e': 0.0942476934556249}",35,12,37.00413714865644,"{0: 23, 1: 0, 2: 0, 3: 0, 4: 0}",1
237,False,"{'a': 0.5, 'e': 0.09330521652106866}",25,9,27.772525361651333,"{0: 16, 1: 0, 2: 0, 3: 0, 4: 0}",1
238,False,"{'a': 0.5, 'e': 0.09237216435585796}",25,8,31.34425998876119,"{0: 17, 1: 0, 2: 0, 3: 0, 4: 0}",1
239,False,"{'a': 0.5, 'e': 0.09144844271229938}",25,8,19.490139685667287,"{0: 16, 1: 0, 2: 1, 3: 0, 4: 0}",1
240,False,"{'a': 0.5, 'e': 0.0905339582851764}",20,10,19.101138987364667,"{0: 10, 1: 0, 2: 0, 3: 0, 4: 0}",1
241,False,"{'a': 0.5, 'e': 0.08962861870232462}",25,14,21.222535414266897,"{0: 11, 1: 0, 2: 0, 3: 0, 4: 0}",1
242,False,"{'a': 0.5, 'e': 0.08873233251530138}",20,11,17.80246553875666,"{0: 9, 1: 0, 2: 0, 3: 0, 4: 0}",1
243,False,"{'a': 0.5, 'e': 0.08784500919014836}",20,3,15.394132098206637,"{0: 16, 1: 0, 2: 1, 3: 0, 4: 0}",1
244,False,"{'a': 0.5, 'e': 0.08696655909824688}",20,0,34.07800789220976,"{0: 20, 1: 0, 2: 0, 3: 0, 4: 0}",0
245,False,"{'a': 0.5, 'e': 0.0860968935072644}",20,11,15.136350235280645,"{0: 9, 1: 0, 2: 0, 3: 0, 4: 0}",1
246,False,"{'a': 0.5, 'e': 0.08523592457219176}",25,18,12.50298220671786,"{0: 7, 1: 0, 2: 0, 3: 0, 4: 0}",1
247,False,"{'a': 0.5, 'e': 0.08438356532646984}",20,8,22.91746888090325,"{0: 12, 1: 0, 2: 0, 3: 0, 4: 0}",1
248,False,"{'a': 0.5, 'e': 0.08353972967320515}",30,15,2.065843164969664,"{0: 13, 1: 1, 2: 0, 3: 1, 4: 0}",1
249,False,"{'a': 0.5, 'e': 0.0827043323764731}",20,5,24.87658623372488,"{0: 15, 1: 0, 2: 0, 3: 0, 4: 0}",1
250,False,"{'a': 0.5, 'e': 0.08187728905270836}",20,4,25.46445426281717,"{0: 16, 1: 0, 2: 0, 3: 0, 4: 0}",1
251,False,"{'a': 0.5, 'e': 0.08105851616218128}",25,10,8.720619297630595,"{0: 13, 1: 1, 2: 1, 3: 0, 4: 0}",1
252,False,"{'a': 0.5, 'e': 0.08024793100055946}",20,5,30.174042507255642,"{0: 15, 1: 0, 2: 0, 3: 0, 4: 0}",1
253,False,"{'a': 0.5, 'e': 0.07944545169055386}",25,11,24.926666577594013,"{0: 14, 1: 0, 2: 0, 3: 0, 4: 0}",1
254,False,"{'a': 0.5, 'e': 0.07865099717364833}",20,11,15.236274330184301,"{0: 9, 1: 0, 2: 0, 3: 0, 4: 0}",1
255,False,"{'a': 0.5, 'e': 0.07786448720191184}",20,13,13.836047012368976,"{0: 7, 1: 0, 2: 0, 3: 0, 4: 0}",1
256,False,"{'a': 0.5, 'e': 0.07708584232989273}",20,5,28.679858535501083,"{0: 15, 1: 0, 2: 0, 3: 0, 4: 0}",1
257,False,"{'a': 0.5, 'e': 0.0763149839065938}",20,1,32.230679039543425,"{0: 19, 1: 0, 2: 0, 3: 0, 4: 0}",1
258,False,"{'a': 0.5, 'e': 0.07555183406752786}",20,16,5.406149618196544,"{0: 4, 1: 0, 2: 0, 3: 0, 4: 0}",1
259,False,"{'a': 0.5, 'e': 0.07479631572685258}",25,15,20.245446543996955,"{0: 10, 1: 0, 2: 0, 3: 0, 4: 0}",1
260,False,"{'a': 0.5, 'e': 0.07404835256958406}",25,12,24.00604675835505,"{0: 13, 1: 0, 2: 0, 3: 0, 4: 0}",1
261,False,"{'a': 0.5, 'e': 0.07330786904388821}",25,16,16.57651753217733,"{0: 9, 1: 0, 2: 0, 3: 0, 4: 0}",1
262,False,"{'a': 0.5, 'e': 0.07257479035344933}",25,2,40.90049060596385,"{0: 23, 1: 0, 2: 0, 3: 0, 4: 0}",1
263,False,"{'a': 0.5, 'e': 0.07184904244991484}",30,13,23.625155964135487,"{0: 16, 1: 0, 2: 1, 3: 0, 4: 0}",1
264,False,"{'a': 0.5, 'e': 0.07113055202541568}",25,19,11.797963727513512,"{0: 6, 1: 0, 2: 0, 3: 0, 4: 0}",1
265,False,"{'a': 0.5, 'e': 0.07041924650516153}",20,9,21.40600928154152,"{0: 11, 1: 0, 2: 0, 3: 0, 4: 0}",1
266,False,"{'a': 0.5, 'e': 0.06971505404010991}",25,13,23.672133985421674,"{0: 12, 1: 0, 2: 0, 3: 0, 4: 0}",1
267,False,"{'a': 0.5, 'e': 0.06901790349970881}",25,13,19.77583289643156,"{0: 12, 1: 0, 2: 0, 3: 0, 4: 0}",1
268,False,"{'a': 0.5, 'e': 0.06832772446471172}",20,6,26.159679715062136,"{0: 14, 1: 0, 2: 0, 3: 0, 4: 0}",1
269,False,"{'a': 0.5, 'e': 0.0676444472200646}",20,15,9.063159656631987,"{0: 5, 1: 0, 2: 0, 3: 0, 4: 0}",1
270,False,"{'a': 0.5, 'e': 0.06696800274786396}",20,10,17.5232666339257,"{0: 10, 1: 0, 2: 0, 3: 0, 4: 0}",1
271,False,"{'a': 0.5, 'e': 0.06629832272038531}",20,2,29.132617777597268,"{0: 18, 1: 0, 2: 0, 3: 0, 4: 0}",1
272,False,"{'a': 0.5, 'e': 0.06563533949318147}",25,4,17.612763991536383,"{0: 20, 1: 0, 2: 0, 3: 1, 4: 0}",1
273,False,"{'a': 0.5, 'e': 0.06497898609824965}",25,15,19.111830248385516,"{0: 10, 1: 0, 2: 0, 3: 0, 4: 0}",1
274,False,"{'a': 0.5, 'e': 0.06432919623726716}",20,16,7.376512724239981,"{0: 4, 1: 0, 2: 0, 3: 0, 4: 0}",1
275,False,"{'a': 0.5, 'e': 0.06368590427489448}",20,14,13.521387344362203,"{0: 6, 1: 0, 2: 0, 3: 0, 4: 0}",1
276,False,"{'a': 0.5, 'e': 0.06304904523214554}",30,18,23.44144924877214,"{0: 12, 1: 0, 2: 0, 3: 0, 4: 0}",1
277,False,"{'a': 0.5, 'e': 0.06241855477982408}",20,3,29.909194611627168,"{0: 17, 1: 0, 2: 0, 3: 0, 4: 0}",1
278,False,"{'a': 0.5, 'e': 0.06179436923202584}",20,11,18.399600110572237,"{0: 9, 1: 0, 2: 0, 3: 0, 4: 0}",1
279,False,"{'a': 0.5, 'e': 0.06117642553970558}",20,0,15.230684960804153,"{0: 18, 1: 1, 2: 1, 3: 0, 4: 0}",0
280,False,"{'a': 0.5, 'e': 0.06056466128430853}",30,13,33.84246146582011,"{0: 17, 1: 0, 2: 0, 3: 0, 4: 0}",1
281,False,"{'a': 0.5, 'e': 0.05995901467146544}",25,15,20.361670449200687,"{0: 10, 1: 0, 2: 0, 3: 0, 4: 0}",1
282,False,"{'a': 0.5, 'e': 0.059359424524750785}",20,10,17.45131897222402,"{0: 10, 1: 0, 2: 0, 3: 0, 4: 0}",1
283,False,"{'a': 0.5, 'e': 0.05876583027950327}",20,7,24.726990492504342,"{0: 13, 1: 0, 2: 0, 3: 0, 4: 0}",1
284,False,"{'a': 0.5, 'e': 0.05817817197670824}",25,18,12.7062180778784,"{0: 7, 1: 0, 2: 0, 3: 0, 4: 0}",1
285,False,"{'a': 0.5, 'e': 0.05759639025694116}",20,8,21.990730008365883,"{0: 12, 1: 0, 2: 0, 3: 0, 4: 0}",1
286,False,"{'a': 0.5, 'e': 0.057020426354371746}",20,0,34.123412434225905,"{0: 20, 1: 0, 2: 0, 3: 0, 4: 0}",0
287,False,"{'a': 0.5, 'e': 0.05645022209082803}",25,12,23.3645446947293,"{0: 13, 1: 0, 2: 0, 3: 0, 4: 0}",1
288,False,"{'a': 0.5, 'e': 0.05588571986991975}",25,17,3.986194364421352,"{0: 7, 1: 0, 2: 1, 3: 0, 4: 0}",1
289,False,"{'a': 0.5, 'e': 0.05532686267122055}",35,21,27.622505696258596,"{0: 14, 1: 0, 2: 0, 3: 0, 4: 0}",1
290,False,"{'a': 0.5, 'e': 0.05477359404450834}",20,13,15.585611656401714,"{0: 7, 1: 0, 2: 0, 3: 0, 4: 0}",1
291,False,"{'a': 0.5, 'e': 0.05422585810406326}",25,18,14.768754151814338,"{0: 7, 1: 0, 2: 0, 3: 0, 4: 0}",1
292,False,"{'a': 0.5, 'e': 0.05368359952302263}",20,10,17.73175558310565,"{0: 10, 1: 0, 2: 0, 3: 0, 4: 0}",1
293,False,"{'a': 0.5, 'e': 0.0531467635277924}",25,13,23.082665164403004,"{0: 12, 1: 0, 2: 0, 3: 0, 4: 0}",1
294,False,"{'a': 0.5, 'e': 0.05261529589251448}",25,15,20.14246967823687,"{0: 10, 1: 0, 2: 0, 3: 0, 4: 0}",1
295,False,"{'a': 0.5, 'e': 0.05208914293358933}",25,18,12.539536998648346,"{0: 7, 1: 0, 2: 0, 3: 0, 4: 0}",1
296,False,"{'a': 0.5, 'e': 0.05156825150425344}",20,7,25.071462256889834,"{0: 13, 1: 0, 2: 0, 3: 0, 4: 0}",1
297,False,"{'a': 0.5, 'e': 0.0510525689892109}",20,10,17.04510572845501,"{0: 10, 1: 0, 2: 0, 3: 0, 4: 0}",1
298,False,"{'a': 0.5, 'e': 0.050542043299318794}",30,13,31.411990981954148,"{0: 17, 1: 0, 2: 0, 3: 0, 4: 0}",1
299,False,"{'a': 0.5, 'e': 0.050036622866325604}",20,7,-19.950863177683093,"{0: 10, 1: 0, 2: 2, 3: 1, 4: 0}",1
300,False,"{'a': 0.5, 'e': 0.04953625663766235}",20,8,22.186274859064433,"{0: 12, 1: 0, 2: 0, 3: 0, 4: 0}",1
1,True,"{'a': 0, 'e': 0}",25,9,28.611756125891574,"{0: 16, 1: 0, 2: 0, 3: 0, 4: 0}",1
2,True,"{'a': 0, 'e': 0}",25,12,18.805992600517953,"{0: 13, 1: 0, 2: 0, 3: 0, 4: 0}",1
3,True,"{'a': 0, 'e': 0}",20,7,19.967710744699552,"{0: 13, 1: 0, 2: 0, 3: 0, 4: 0}",1
4,True,"{'a': 0, 'e': 0}",30,13,32.23180821293481,"{0: 17, 1: 0, 2: 0, 3: 0, 4: 0}",1
5,True,"{'a': 0, 'e': 0}",25,15,19.814618928474516,"{0: 10, 1: 0, 2: 0, 3: 0, 4: 0}",1
6,True,"{'a': 0, 'e': 0}",25,14,18.62384487444516,"{0: 11, 1: 0, 2: 0, 3: 0, 4: 0}",1
7,True,"{'a': 0, 'e': 0}",30,10,39.740993961437894,"{0: 20, 1: 0, 2: 0, 3: 0, 4: 0}",1
8,True,"{'a': 0, 'e': 0}",20,10,17.45080659949575,"{0: 10, 1: 0, 2: 0, 3: 0, 4: 0}",1
9,True,"{'a': 0, 'e': 0}",30,24,10.325679406208318,"{0: 6, 1: 0, 2: 0, 3: 0, 4: 0}",1
10,True,"{'a': 0, 'e': 0}",20,16,6.907340847194527,"{0: 4, 1: 0, 2: 0, 3: 0, 4: 0}",1
